09/09/2021 08:00,Bristol,Sonia Ross,Large Flavoured latte - Hazelnut - 2.85,2.85,CARD,6779006082038964
09/09/2021 08:01,Bristol,John Buri,Large Flavoured iced latte - Caramel - 3.25,3.25,CASH,
09/09/2021 08:02,Bristol,Richard Roland,"Large Flavoured iced latte - Caramel - 3.25, Regular Flavoured latte - Hazelnut - 2.55",5.8,CASH,
09/09/2021 08:03,Bristol,Deborah Chandler,Large Flavoured latte - Hazelnut - 2.85,2.85,CARD,9557394079592717
09/09/2021 08:04,Bristol,William Dickson,"Large Flavoured iced latte - Caramel - 3.25, Large Flavoured latte - Hazelnut - 2.85, Regular Flavoured latte - Hazelnut - 2.55",8.65,CARD,3895451131044506
09/09/2021 08:05,Bristol,Teresa Willie,Regular Flavoured iced latte - Caramel - 2.75,2.75,CARD,9508575812761907
09/09/2021 08:06,Bristol,Kenneth Crank,"Regular Flavoured iced latte - Caramel - 2.75, Large Flavoured iced latte - Caramel - 3.25",6.0,CASH,
09/09/2021 08:07,Bristol,David Perry,Large Flavoured iced latte - Caramel - 3.25,3.25,CASH,
09/09/2021 08:08,Bristol,Brian Dols,"Large Flavoured iced latte - Caramel - 3.25, Regular Flavoured latte - Hazelnut - 2.55, Large Flavoured latte - Hazelnut - 2.85",8.65,CASH,
09/09/2021 08:09,Bristol,Jana Gonzales,"Regular Flavoured iced latte - Caramel - 2.75, Large Flavoured latte - Hazelnut - 2.85",5.6,CARD,5416028320973179
09/09/2021 08:10,Bristol,Cheryl Hidvegi,"Regular Flavoured iced latte - Caramel - 2.75, Regular Flavoured latte - Hazelnut - 2.55, Regular Flavoured iced latte - Caramel - 2.75, Regular Flavoured iced latte - Caramel - 2.75, Large Flavoured iced latte - Caramel - 3.25",14.05,CARD,5674670040650874
09/09/2021 08:11,Bristol,Arthur Collins,Large Flavoured iced latte - Caramel - 3.25,3.25,CARD,3030259679573255
09/09/2021 08:12,Bristol,Cynthia Ragone,"Regular Flavoured latte - Hazelnut - 2.55, Regular Flavoured iced latte - Caramel - 2.75",5.3,CASH,
09/09/2021 08:13,Bristol,Sharon Yates,"Regular Flavoured iced latte - Caramel - 2.75, Regular Flavoured iced latte - Caramel - 2.75",5.5,CARD,3597124914340643
09/09/2021 08:14,Bristol,Richard Taylor,"Regular Flavoured latte - Hazelnut - 2.55, Regular Flavoured latte - Hazelnut - 2.55",5.1,CASH,
09/09/2021 08:15,Bristol,Joseph Bradley,"Large Flavoured iced latte - Caramel - 3.25, Regular Flavoured iced latte - Caramel - 2.75, Regular Flavoured iced latte - Caramel - 2.75, Regular Flavoured iced latte - Caramel - 2.75, Regular Flavoured iced latte - Caramel - 2.75",14.25,CARD,8994702395479115
09/09/2021 08:16,Bristol,Anna Field,"Large Flavoured latte - Hazelnut - 2.85, Regular Flavoured latte - Hazelnut - 2.55",5.4,CARD,9908818343353448
09/09/2021 08:17,Bristol,Kristine Lennox,"Regular Flavoured iced latte - Caramel - 2.75, Large Flavoured latte - Hazelnut - 2.85, Large Flavoured latte - Hazelnut - 2.85, Regular Flavoured latte - Hazelnut - 2.55",11.0,CARD,3117193167480220
09/09/2021 08:18,Bristol,Jacob Dick,Large Flavoured latte - Hazelnut - 2.85,2.85,CASH,
09/09/2021 08:19,Bristol,Marvin Britt,"Large Flavoured iced latte - Caramel - 3.25, Large Flavoured latte - Hazelnut - 2.85, Regular Flavoured latte - Hazelnut - 2.55",8.65,CASH,
09/09/2021 08:20,Bristol,Hector Rutherford,"Regular Flavoured iced latte - Caramel - 2.75, Large Flavoured latte - Hazelnut - 2.85",5.6,CASH,
09/09/2021 08:21,Bristol,Chris James,Regular Flavoured iced latte - Caramel - 2.75,2.75,CASH,
09/09/2021 08:22,Bristol,Patricia Batton,"Regular Flavoured iced latte - Caramel - 2.75, Regular Flavoured iced latte - Caramel - 2.75, Regular Flavoured iced latte - Caramel - 2.75",8.25,CARD,9257082390055223
09/09/2021 08:23,Bristol,Christopher Staples,"Large Flavoured iced latte - Caramel - 3.25, Regular Flavoured iced latte - Caramel - 2.75",6.0,CASH,
09/09/2021 08:24,Bristol,Joe Brosius,"Large Flavoured iced latte - Caramel - 3.25, Regular Flavoured latte - Hazelnut - 2.55, Regular Flavoured latte - Hazelnut - 2.55, Regular Flavoured latte - Hazelnut - 2.55",10.9,CARD,5931210160835372
09/09/2021 08:25,Bristol,Seth Kendall,"Large Flavoured latte - Hazelnut - 2.85, Large Flavoured latte - Hazelnut - 2.85, Regular Flavoured latte - Hazelnut - 2.55",8.25,CASH,
09/09/2021 08:26,Bristol,Margarito Ludwig,"Regular Flavoured latte - Hazelnut - 2.55, Regular Flavoured iced latte - Caramel - 2.75",5.3,CARD,3968814259383722
09/09/2021 08:27,Bristol,Rae Nitti,"Large Flavoured iced latte - Caramel - 3.25, Large Flavoured iced latte - Caramel - 3.25, Large Flavoured iced latte - Caramel - 3.25",9.75,CARD,9816767091817495
09/09/2021 08:28,Bristol,Hazel Tejada,"Regular Flavoured iced latte - Caramel - 2.75, Large Flavoured iced latte - Caramel - 3.25, Regular Flavoured iced latte - Caramel - 2.75, Regular Flavoured latte - Hazelnut - 2.55, Regular Flavoured latte - Hazelnut - 2.55",13.85,CARD,1371351376651414
09/09/2021 08:29,Bristol,Don Collier,Regular Flavoured latte - Hazelnut - 2.55,2.55,CARD,3575478465772837
09/09/2021 08:30,Bristol,John Terrell,Regular Flavoured iced latte - Caramel - 2.75,2.75,CASH,
09/09/2021 08:31,Bristol,Gary Brown,Large Flavoured latte - Hazelnut - 2.85,2.85,CASH,
09/09/2021 08:32,Bristol,James Gifford,"Regular Flavoured iced latte - Caramel - 2.75, Regular Flavoured latte - Hazelnut - 2.55, Large Flavoured iced latte - Caramel - 3.25, Regular Flavoured iced latte - Caramel - 2.75, Large Flavoured latte - Hazelnut - 2.85",14.15,CASH,
09/09/2021 08:33,Bristol,James Kube,"Large Flavoured iced latte - Caramel - 3.25, Regular Flavoured iced latte - Caramel - 2.75, Regular Flavoured iced latte - Caramel - 2.75",8.75,CARD,9743091928467233
09/09/2021 08:34,Bristol,Dorothy Neuhoff,Regular Flavoured iced latte - Caramel - 2.75,2.75,CARD,1826190505234696
09/09/2021 08:35,Bristol,Priscilla Numbers,"Large Flavoured latte - Hazelnut - 2.85, Regular Flavoured latte - Hazelnut - 2.55",5.4,CARD,1111873149389612
09/09/2021 08:36,Bristol,James Aguilar,"Large Flavoured iced latte - Caramel - 3.25, Large Flavoured latte - Hazelnut - 2.85, Regular Flavoured latte - Hazelnut - 2.55, Regular Flavoured latte - Hazelnut - 2.55, Regular Flavoured latte - Hazelnut - 2.55, Large Flavoured latte - Hazelnut - 2.85",16.6,CARD,7843614178315151
09/09/2021 08:37,Bristol,Mallory Kitchen,"Regular Flavoured iced latte - Caramel - 2.75, Regular Flavoured iced latte - Caramel - 2.75, Large Flavoured latte - Hazelnut - 2.85, Large Flavoured iced latte - Caramel - 3.25, Regular Flavoured latte - Hazelnut - 2.55",14.15,CARD,9617567067496901
09/09/2021 08:38,Bristol,Lorraine Guzman,"Regular Flavoured iced latte - Caramel - 2.75, Large Flavoured latte - Hazelnut - 2.85, Regular Flavoured latte - Hazelnut - 2.55, Large Flavoured latte - Hazelnut - 2.85",11.0,CARD,4759963181812991
09/09/2021 08:39,Bristol,George Garcia,"Regular Flavoured iced latte - Caramel - 2.75, Large Flavoured iced latte - Caramel - 3.25",6.0,CASH,
09/09/2021 08:40,Bristol,Patricia Miller,"Large Flavoured iced latte - Caramel - 3.25, Regular Flavoured iced latte - Caramel - 2.75, Large Flavoured iced latte - Caramel - 3.25, Large Flavoured latte - Hazelnut - 2.85, Large Flavoured latte - Hazelnut - 2.85",14.95,CARD,5359633193374622
09/09/2021 08:41,Bristol,Richard Otter,"Large Flavoured latte - Hazelnut - 2.85, Large Flavoured latte - Hazelnut - 2.85, Regular Flavoured latte - Hazelnut - 2.55, Large Flavoured iced latte - Caramel - 3.25, Large Flavoured iced latte - Caramel - 3.25",14.75,CARD,5021442675833435
09/09/2021 08:42,Bristol,Mark Fiore,"Regular Flavoured iced latte - Caramel - 2.75, Regular Flavoured iced latte - Caramel - 2.75",5.5,CASH,
09/09/2021 08:43,Bristol,Reyna West,"Regular Flavoured iced latte - Caramel - 2.75, Large Flavoured iced latte - Caramel - 3.25, Large Flavoured latte - Hazelnut - 2.85",8.85,CARD,4561678813541995
09/09/2021 08:44,Bristol,Verdell Ash,"Regular Flavoured iced latte - Caramel - 2.75, Large Flavoured iced latte - Caramel - 3.25",6.0,CARD,5267987972578250
09/09/2021 08:45,Bristol,Howard Bernard,"Large Flavoured iced latte - Caramel - 3.25, Regular Flavoured latte - Hazelnut - 2.55, Regular Flavoured latte - Hazelnut - 2.55",8.35,CARD,2071610890446374
09/09/2021 08:46,Bristol,Andrea Clark,Large Flavoured latte - Hazelnut - 2.85,2.85,CARD,9248212371274936
09/09/2021 08:47,Bristol,Paul Campbell,"Large Flavoured latte - Hazelnut - 2.85, Large Flavoured latte - Hazelnut - 2.85",5.7,CARD,8128572473026767
09/09/2021 08:48,Bristol,Vivien Smith,"Regular Flavoured iced latte - Caramel - 2.75, Large Flavoured iced latte - Caramel - 3.25",6.0,CARD,9187956376746572
09/09/2021 08:49,Bristol,James Fimbres,Large Flavoured iced latte - Caramel - 3.25,3.25,CARD,9578516944253409
09/09/2021 08:50,Bristol,Robert Mcdonald,"Regular Flavoured latte - Hazelnut - 2.55, Regular Flavoured latte - Hazelnut - 2.55, Large Flavoured iced latte - Caramel - 3.25, Large Flavoured latte - Hazelnut - 2.85, Regular Flavoured latte - Hazelnut - 2.55",13.75,CASH,
09/09/2021 08:51,Bristol,Neal Voss,Large Flavoured iced latte - Caramel - 3.25,3.25,CARD,8698506140285495
09/09/2021 08:52,Bristol,David Estrada,"Regular Flavoured iced latte - Caramel - 2.75, Large Flavoured iced latte - Caramel - 3.25, Regular Flavoured latte - Hazelnut - 2.55, Regular Flavoured iced latte - Caramel - 2.75",11.3,CARD,5549170471630758
09/09/2021 08:53,Bristol,Christopher Hopkins,"Regular Flavoured iced latte - Caramel - 2.75, Large Flavoured iced latte - Caramel - 3.25, Large Flavoured latte - Hazelnut - 2.85",8.85,CASH,
09/09/2021 08:54,Bristol,Anna Macdonald,Large Flavoured latte - Hazelnut - 2.85,2.85,CARD,6825986743614005
09/09/2021 08:55,Bristol,Ben Messer,"Regular Flavoured iced latte - Caramel - 2.75, Regular Flavoured iced latte - Caramel - 2.75",5.5,CARD,9034416596723983
09/09/2021 08:56,Bristol,Vincent Lee,Large Flavoured latte - Hazelnut - 2.85,2.85,CASH,
09/09/2021 08:57,Bristol,James Locy,"Regular Flavoured iced latte - Caramel - 2.75, Large Flavoured iced latte - Caramel - 3.25, Regular Flavoured iced latte - Caramel - 2.75",8.75,CARD,6608959445480559
09/09/2021 08:58,Bristol,Michael Ritchie,"Large Flavoured latte - Hazelnut - 2.85, Large Flavoured latte - Hazelnut - 2.85, Large Flavoured iced latte - Caramel - 3.25",8.95,CARD,2088298395648529
09/09/2021 08:59,Bristol,Keith Higgins,Large Flavoured iced latte - Caramel - 3.25,3.25,CARD,5640184204978463
09/09/2021 09:00,Bristol,Carl Fonseca,Large Flavoured iced latte - Caramel - 3.25,3.25,CASH,
09/09/2021 09:01,Bristol,Julian Record,"Large Flavoured iced latte - Caramel - 3.25, Regular Flavoured iced latte - Caramel - 2.75",6.0,CARD,7909455366509486
09/09/2021 09:02,Bristol,Mary Buford,"Regular Flavoured iced latte - Caramel - 2.75, Regular Flavoured latte - Hazelnut - 2.55, Regular Flavoured latte - Hazelnut - 2.55",7.85,CASH,
09/09/2021 09:04,Bristol,Matthew Johnson,"Regular Flavoured iced latte - Caramel - 2.75, Regular Flavoured iced latte - Caramel - 2.75",5.5,CARD,3189937280367467
09/09/2021 09:05,Bristol,Laura Conley,Regular Flavoured latte - Hazelnut - 2.55,2.55,CASH,
09/09/2021 09:06,Bristol,Sandra Mcgowen,"Regular Flavoured iced latte - Caramel - 2.75, Regular Flavoured latte - Hazelnut - 2.55, Regular Flavoured latte - Hazelnut - 2.55, Regular Flavoured latte - Hazelnut - 2.55, Large Flavoured latte - Hazelnut - 2.85",13.25,CASH,
09/09/2021 09:08,Bristol,Derrick Dotson,Regular Flavoured latte - Hazelnut - 2.55,2.55,CASH,
09/09/2021 09:09,Bristol,Patricia Moya,"Large Flavoured iced latte - Caramel - 3.25, Large Flavoured iced latte - Caramel - 3.25, Regular Flavoured iced latte - Caramel - 2.75",9.25,CASH,
09/09/2021 09:11,Bristol,Ernesto Boyce,"Regular Flavoured iced latte - Caramel - 2.75, Regular Flavoured latte - Hazelnut - 2.55",5.3,CASH,
09/09/2021 09:12,Bristol,Anthony Foster,"Regular Flavoured iced latte - Caramel - 2.75, Regular Flavoured latte - Hazelnut - 2.55, Regular Flavoured latte - Hazelnut - 2.55, Regular Flavoured iced latte - Caramel - 2.75",10.6,CASH,
09/09/2021 09:13,Bristol,Luis Bennett,"Large Flavoured iced latte - Caramel - 3.25, Regular Flavoured latte - Hazelnut - 2.55, Large Flavoured latte - Hazelnut - 2.85, Regular Flavoured iced latte - Caramel - 2.75",11.4,CARD,6983596877110682
09/09/2021 09:15,Bristol,Stephen Moore,"Large Flavoured latte - Hazelnut - 2.85, Large Flavoured latte - Hazelnut - 2.85, Large Flavoured latte - Hazelnut - 2.85",8.55,CARD,8335468676267130
09/09/2021 09:16,Bristol,Cindy Mcgalliard,Regular Flavoured latte - Hazelnut - 2.55,2.55,CASH,
09/09/2021 09:17,Bristol,Mary Bush,"Large Flavoured latte - Hazelnut - 2.85, Regular Flavoured latte - Hazelnut - 2.55, Large Flavoured iced latte - Caramel - 3.25",8.65,CASH,
09/09/2021 09:19,Bristol,Darlene Rumberger,"Large Flavoured latte - Hazelnut - 2.85, Large Flavoured latte - Hazelnut - 2.85, Regular Flavoured latte - Hazelnut - 2.55",8.25,CASH,
09/09/2021 09:20,Bristol,Michael Hendler,"Large Flavoured latte - Hazelnut - 2.85, Regular Flavoured iced latte - Caramel - 2.75, Regular Flavoured latte - Hazelnut - 2.55",8.15,CARD,1634355487584124
09/09/2021 09:22,Bristol,Marisol Gonzalez,"Regular Flavoured iced latte - Caramel - 2.75, Regular Flavoured iced latte - Caramel - 2.75",5.5,CARD,2494536263854844
09/09/2021 09:23,Bristol,William Marin,"Regular Flavoured iced latte - Caramel - 2.75, Large Flavoured latte - Hazelnut - 2.85, Regular Flavoured iced latte - Caramel - 2.75",8.35,CARD,5873230427450477
09/09/2021 09:24,Bristol,Louis Anderson,"Large Flavoured latte - Hazelnut - 2.85, Regular Flavoured latte - Hazelnut - 2.55, Regular Flavoured latte - Hazelnut - 2.55, Large Flavoured iced latte - Caramel - 3.25, Regular Flavoured latte - Hazelnut - 2.55",13.75,CARD,2924151583628494
09/09/2021 09:26,Bristol,Lynne Young,"Regular Flavoured latte - Hazelnut - 2.55, Regular Flavoured latte - Hazelnut - 2.55, Large Flavoured iced latte - Caramel - 3.25, Regular Flavoured iced latte - Caramel - 2.75",11.1,CARD,3592461728108118
09/09/2021 09:27,Bristol,Casey Owens,"Regular Flavoured iced latte - Caramel - 2.75, Large Flavoured iced latte - Caramel - 3.25, Large Flavoured iced latte - Caramel - 3.25, Regular Flavoured iced latte - Caramel - 2.75",12.0,CASH,
09/09/2021 09:29,Bristol,Ida Fitzpatrick,"Regular Flavoured latte - Hazelnut - 2.55, Large Flavoured latte - Hazelnut - 2.85",5.4,CASH,
09/09/2021 09:30,Bristol,Richard Paulson,Regular Flavoured latte - Hazelnut - 2.55,2.55,CARD,4556649321808502
09/09/2021 09:31,Bristol,Faye Krause,"Regular Flavoured iced latte - Caramel - 2.75, Regular Flavoured latte - Hazelnut - 2.55",5.3,CARD,3698973086099896
09/09/2021 09:33,Bristol,Joseph Robinson,Large Flavoured latte - Hazelnut - 2.85,2.85,CASH,
09/09/2021 09:34,Bristol,Rickey Mayberry,"Regular Flavoured iced latte - Caramel - 2.75, Regular Flavoured iced latte - Caramel - 2.75",5.5,CARD,1530251848057316
09/09/2021 09:35,Bristol,Elizabeth Brank,"Regular Flavoured iced latte - Caramel - 2.75, Regular Flavoured latte - Hazelnut - 2.55",5.3,CARD,3590757714228947
09/09/2021 09:37,Bristol,Christie Laine,"Regular Flavoured latte - Hazelnut - 2.55, Large Flavoured iced latte - Caramel - 3.25, Regular Flavoured iced latte - Caramel - 2.75, Regular Flavoured iced latte - Caramel - 2.75",11.3,CASH,
09/09/2021 09:38,Bristol,Shirley Crisp,"Large Flavoured latte - Hazelnut - 2.85, Regular Flavoured iced latte - Caramel - 2.75",5.6,CARD,6110688600020122
09/09/2021 09:40,Bristol,Alfred Kearns,Large Flavoured iced latte - Caramel - 3.25,3.25,CARD,7193801027902320
09/09/2021 09:41,Bristol,Anthony Trejo,"Regular Flavoured iced latte - Caramel - 2.75, Regular Flavoured iced latte - Caramel - 2.75",5.5,CASH,
09/09/2021 09:42,Bristol,Nelle Blessing,"Regular Flavoured latte - Hazelnut - 2.55, Large Flavoured iced latte - Caramel - 3.25, Large Flavoured iced latte - Caramel - 3.25, Regular Flavoured latte - Hazelnut - 2.55, Regular Flavoured latte - Hazelnut - 2.55",14.15,CASH,
09/09/2021 09:44,Bristol,Margaret Collins,"Regular Flavoured latte - Hazelnut - 2.55, Large Flavoured latte - Hazelnut - 2.85, Large Flavoured iced latte - Caramel - 3.25",8.65,CARD,2775277669321830
09/09/2021 09:45,Bristol,Connie Mccray,"Regular Flavoured latte - Hazelnut - 2.55, Regular Flavoured iced latte - Caramel - 2.75, Large Flavoured latte - Hazelnut - 2.85, Regular Flavoured iced latte - Caramel - 2.75",10.9,CASH,
09/09/2021 09:47,Bristol,Stacy Walker,"Regular Flavoured latte - Hazelnut - 2.55, Regular Flavoured latte - Hazelnut - 2.55",5.1,CARD,8007666524833132
09/09/2021 09:48,Bristol,Allan Rivers,Regular Flavoured latte - Hazelnut - 2.55,2.55,CASH,
09/09/2021 09:49,Bristol,Michael James,Regular Flavoured latte - Hazelnut - 2.55,2.55,CARD,5236751259127724
09/09/2021 09:51,Bristol,Chery Weaver,"Large Flavoured latte - Hazelnut - 2.85, Large Flavoured iced latte - Caramel - 3.25",6.1,CARD,6109214448102548
09/09/2021 09:52,Bristol,Harold Castro,"Large Flavoured iced latte - Caramel - 3.25, Large Flavoured iced latte - Caramel - 3.25, Large Flavoured latte - Hazelnut - 2.85, Large Flavoured iced latte - Caramel - 3.25, Large Flavoured latte - Hazelnut - 2.85",15.45,CARD,8642383559703022
09/09/2021 09:53,Bristol,Christa Litton,"Regular Flavoured iced latte - Caramel - 2.75, Regular Flavoured iced latte - Caramel - 2.75",5.5,CARD,1517523858006712
09/09/2021 09:55,Bristol,Jose Spaulding,"Regular Flavoured latte - Hazelnut - 2.55, Large Flavoured iced latte - Caramel - 3.25",5.8,CARD,4639994493155691
09/09/2021 09:56,Bristol,Sarah Brock,Regular Flavoured latte - Hazelnut - 2.55,2.55,CARD,9031630606278887
09/09/2021 09:58,Bristol,Alfred Dobbs,"Regular Flavoured iced latte - Caramel - 2.75, Large Flavoured iced latte - Caramel - 3.25",6.0,CASH,
09/09/2021 09:59,Bristol,Jason Cole,"Regular Flavoured latte - Hazelnut - 2.55, Regular Flavoured latte - Hazelnut - 2.55, Regular Flavoured latte - Hazelnut - 2.55",7.65,CARD,9816610040256832
09/09/2021 10:00,Bristol,James Huey,"Large Flavoured latte - Hazelnut - 2.85, Large Flavoured iced latte - Caramel - 3.25, Regular Flavoured latte - Hazelnut - 2.55",8.65,CASH,
09/09/2021 10:02,Bristol,John Montemurro,Regular Flavoured latte - Hazelnut - 2.55,2.55,CASH,
09/09/2021 10:03,Bristol,Jorge Willett,"Regular Flavoured latte - Hazelnut - 2.55, Large Flavoured iced latte - Caramel - 3.25, Large Flavoured latte - Hazelnut - 2.85",8.65,CASH,
09/09/2021 10:04,Bristol,Richard Howard,"Large Flavoured iced latte - Caramel - 3.25, Large Flavoured latte - Hazelnut - 2.85, Large Flavoured latte - Hazelnut - 2.85",8.95,CASH,
09/09/2021 10:06,Bristol,Leroy Wares,Large Flavoured iced latte - Caramel - 3.25,3.25,CASH,
09/09/2021 10:07,Bristol,Michael Lehman,"Large Flavoured latte - Hazelnut - 2.85, Large Flavoured latte - Hazelnut - 2.85",5.7,CARD,9898153182996524
09/09/2021 10:08,Bristol,Barbara Tina,"Regular Flavoured iced latte - Caramel - 2.75, Large Flavoured iced latte - Caramel - 3.25, Regular Flavoured latte - Hazelnut - 2.55",8.55,CASH,
09/09/2021 10:10,Bristol,Matthew Frazer,"Large Flavoured latte - Hazelnut - 2.85, Large Flavoured iced latte - Caramel - 3.25",6.1,CARD,4291135841980410
09/09/2021 10:11,Bristol,Alec Engler,"Regular Flavoured iced latte - Caramel - 2.75, Large Flavoured iced latte - Caramel - 3.25, Regular Flavoured latte - Hazelnut - 2.55",8.55,CARD,3675274275542618
09/09/2021 10:13,Bristol,Kasey Hansen,Large Flavoured latte - Hazelnut - 2.85,2.85,CARD,6180346504787714
09/09/2021 10:14,Bristol,Ruby Skinner,"Regular Flavoured latte - Hazelnut - 2.55, Large Flavoured iced latte - Caramel - 3.25, Regular Flavoured iced latte - Caramel - 2.75",8.55,CASH,
09/09/2021 10:15,Bristol,Tony Ferguson,"Large Flavoured iced latte - Caramel - 3.25, Regular Flavoured iced latte - Caramel - 2.75",6.0,CASH,
09/09/2021 10:17,Bristol,Prince Gillette,"Large Flavoured iced latte - Caramel - 3.25, Large Flavoured iced latte - Caramel - 3.25, Large Flavoured iced latte - Caramel - 3.25",9.75,CARD,4672324297911325
09/09/2021 10:18,Bristol,David King,"Large Flavoured iced latte - Caramel - 3.25, Large Flavoured latte - Hazelnut - 2.85",6.1,CARD,9027437850734907
09/09/2021 10:19,Bristol,Helen Hultgren,"Large Flavoured iced latte - Caramel - 3.25, Large Flavoured latte - Hazelnut - 2.85, Regular Flavoured latte - Hazelnut - 2.55, Regular Flavoured iced latte - Caramel - 2.75",11.4,CARD,2798150971486112
09/09/2021 10:21,Bristol,Norma Merchant,Large Flavoured latte - Hazelnut - 2.85,2.85,CARD,7336588340938021
09/09/2021 10:22,Bristol,Jerry Pierce,"Large Flavoured latte - Hazelnut - 2.85, Regular Flavoured iced latte - Caramel - 2.75, Regular Flavoured latte - Hazelnut - 2.55",8.15,CARD,9907227111121221
09/09/2021 10:23,Bristol,Sanda Mckoan,"Large Flavoured latte - Hazelnut - 2.85, Large Flavoured iced latte - Caramel - 3.25, Large Flavoured latte - Hazelnut - 2.85, Regular Flavoured latte - Hazelnut - 2.55, Regular Flavoured iced latte - Caramel - 2.75",14.25,CARD,7698097123067286
09/09/2021 10:25,Bristol,Ida Smith,"Large Flavoured latte - Hazelnut - 2.85, Large Flavoured iced latte - Caramel - 3.25",6.1,CARD,6969603010144600
09/09/2021 10:26,Bristol,Elaine Connel,"Large Flavoured iced latte - Caramel - 3.25, Regular Flavoured iced latte - Caramel - 2.75, Large Flavoured latte - Hazelnut - 2.85",8.85,CASH,
09/09/2021 10:27,Bristol,John Hausauer,Large Flavoured iced latte - Caramel - 3.25,3.25,CASH,
09/09/2021 10:29,Bristol,Fred Merklein,Large Flavoured iced latte - Caramel - 3.25,3.25,CARD,5701839059083273
09/09/2021 10:30,Bristol,Rudolph Kyle,"Regular Flavoured iced latte - Caramel - 2.75, Regular Flavoured iced latte - Caramel - 2.75, Regular Flavoured latte - Hazelnut - 2.55",8.05,CARD,3206617725306699
09/09/2021 10:31,Bristol,Dorothy Trim,"Large Flavoured latte - Hazelnut - 2.85, Regular Flavoured latte - Hazelnut - 2.55, Regular Flavoured iced latte - Caramel - 2.75, Large Flavoured iced latte - Caramel - 3.25, Large Flavoured iced latte - Caramel - 3.25",14.65,CARD,9112122587022775
09/09/2021 10:33,Bristol,Karen Long,"Regular Flavoured iced latte - Caramel - 2.75, Large Flavoured iced latte - Caramel - 3.25, Large Flavoured latte - Hazelnut - 2.85",8.85,CARD,3673420308552714
09/09/2021 10:34,Bristol,Joseph Harvey,Large Flavoured latte - Hazelnut - 2.85,2.85,CARD,3818211726764409
09/09/2021 10:35,Bristol,John Williams,"Large Flavoured latte - Hazelnut - 2.85, Large Flavoured iced latte - Caramel - 3.25",6.1,CASH,
09/09/2021 10:37,Bristol,William Kirkwood,"Large Flavoured iced latte - Caramel - 3.25, Large Flavoured iced latte - Caramel - 3.25",6.5,CASH,
09/09/2021 10:38,Bristol,Karen Vanover,"Large Flavoured latte - Hazelnut - 2.85, Large Flavoured latte - Hazelnut - 2.85",5.7,CARD,5469796745631746
09/09/2021 10:40,Bristol,Ronald Spitler,"Regular Flavoured latte - Hazelnut - 2.55, Large Flavoured latte - Hazelnut - 2.85, Regular Flavoured iced latte - Caramel - 2.75",8.15,CARD,1774708999820535
09/09/2021 10:41,Bristol,Samuel Langenfeld,Regular Flavoured latte - Hazelnut - 2.55,2.55,CARD,4186511172333500
09/09/2021 10:42,Bristol,Taylor Weichel,Large Flavoured latte - Hazelnut - 2.85,2.85,CARD,6222419765724542
09/09/2021 10:44,Bristol,Derek Gill,"Large Flavoured latte - Hazelnut - 2.85, Large Flavoured latte - Hazelnut - 2.85, Large Flavoured iced latte - Caramel - 3.25, Large Flavoured latte - Hazelnut - 2.85, Regular Flavoured iced latte - Caramel - 2.75",14.55,CARD,1866408706135101
09/09/2021 10:45,Bristol,Jennifer Sturkie,Large Flavoured latte - Hazelnut - 2.85,2.85,CASH,
09/09/2021 10:46,Bristol,Pablo Mason,Regular Flavoured latte - Hazelnut - 2.55,2.55,CARD,4035772666210747
09/09/2021 10:48,Bristol,Dominic Folk,"Regular Flavoured iced latte - Caramel - 2.75, Regular Flavoured iced latte - Caramel - 2.75, Large Flavoured latte - Hazelnut - 2.85",8.35,CARD,4614070296241111
09/09/2021 10:49,Bristol,Richard White,"Regular Flavoured latte - Hazelnut - 2.55, Regular Flavoured iced latte - Caramel - 2.75",5.3,CARD,6858699745299605
09/09/2021 10:50,Bristol,Jeffery Tito,Regular Flavoured latte - Hazelnut - 2.55,2.55,CARD,3984683481492180
09/09/2021 10:52,Bristol,Jimmy Woodring,"Regular Flavoured iced latte - Caramel - 2.75, Large Flavoured iced latte - Caramel - 3.25, Regular Flavoured iced latte - Caramel - 2.75",8.75,CASH,
09/09/2021 10:53,Bristol,William Gomez,"Regular Flavoured latte - Hazelnut - 2.55, Large Flavoured latte - Hazelnut - 2.85, Large Flavoured latte - Hazelnut - 2.85, Regular Flavoured latte - Hazelnut - 2.55",10.8,CARD,7802500442070280
09/09/2021 10:54,Bristol,Shawn Jones,"Large Flavoured iced latte - Caramel - 3.25, Large Flavoured latte - Hazelnut - 2.85, Regular Flavoured latte - Hazelnut - 2.55, Large Flavoured latte - Hazelnut - 2.85",11.5,CASH,
09/09/2021 10:56,Bristol,Joanne Piazza,"Regular Flavoured iced latte - Caramel - 2.75, Regular Flavoured iced latte - Caramel - 2.75",5.5,CASH,
09/09/2021 10:57,Bristol,David Camper,Regular Flavoured iced latte - Caramel - 2.75,2.75,CARD,8078164241816524
09/09/2021 10:59,Bristol,Ruth Sexton,"Large Flavoured latte - Hazelnut - 2.85, Large Flavoured latte - Hazelnut - 2.85",5.7,CARD,3268628430338569
09/09/2021 11:00,Bristol,Chad Griggs,"Large Flavoured iced latte - Caramel - 3.25, Large Flavoured latte - Hazelnut - 2.85, Regular Flavoured latte - Hazelnut - 2.55, Regular Flavoured latte - Hazelnut - 2.55, Large Flavoured iced latte - Caramel - 3.25",14.45,CARD,4254007125785908
09/09/2021 11:05,Bristol,Della Loehr,Regular Flavoured latte - Hazelnut - 2.55,2.55,CARD,2990350879249444
09/09/2021 11:10,Bristol,Tracy Cook,"Regular Flavoured latte - Hazelnut - 2.55, Regular Flavoured latte - Hazelnut - 2.55, Regular Flavoured latte - Hazelnut - 2.55, Regular Flavoured iced latte - Caramel - 2.75",10.4,CARD,9665048436275263
09/09/2021 11:15,Bristol,Mary Wendt,"Regular Flavoured latte - Hazelnut - 2.55, Regular Flavoured latte - Hazelnut - 2.55",5.1,CARD,8606640302734113
09/09/2021 11:20,Bristol,Victor Paz,Large Flavoured latte - Hazelnut - 2.85,2.85,CARD,4624822536576232
09/09/2021 11:25,Bristol,Eunice Alvis,"Large Flavoured iced latte - Caramel - 3.25, Large Flavoured latte - Hazelnut - 2.85, Regular Flavoured iced latte - Caramel - 2.75",8.85,CARD,4402316827032499
09/09/2021 11:30,Bristol,Nicolas Figueroa,Regular Flavoured iced latte - Caramel - 2.75,2.75,CARD,6529625797022792
09/09/2021 11:35,Bristol,Lisa Holmes,Regular Flavoured latte - Hazelnut - 2.55,2.55,CARD,2638723085554604
09/09/2021 11:40,Bristol,Elmer Perez,"Large Flavoured iced latte - Caramel - 3.25, Large Flavoured iced latte - Caramel - 3.25, Large Flavoured iced latte - Caramel - 3.25, Regular Flavoured iced latte - Caramel - 2.75, Large Flavoured latte - Hazelnut - 2.85",15.35,CASH,
09/09/2021 11:45,Bristol,Henry Hammack,"Regular Flavoured iced latte - Caramel - 2.75, Large Flavoured iced latte - Caramel - 3.25, Large Flavoured iced latte - Caramel - 3.25",9.25,CASH,
09/09/2021 11:50,Bristol,James Rojo,Large Flavoured latte - Hazelnut - 2.85,2.85,CASH,
09/09/2021 11:55,Bristol,Michaela Baldwin,Large Flavoured latte - Hazelnut - 2.85,2.85,CARD,2736672026762298
09/09/2021 12:00,Bristol,Christopher Stambaugh,"Regular Flavoured latte - Hazelnut - 2.55, Large Flavoured latte - Hazelnut - 2.85, Regular Flavoured iced latte - Caramel - 2.75, Regular Flavoured latte - Hazelnut - 2.55, Large Flavoured iced latte - Caramel - 3.25, Regular Flavoured latte - Hazelnut - 2.55",16.5,CARD,1397262853837366
09/09/2021 12:15,Bristol,Janie Wilcox,"Regular Flavoured latte - Hazelnut - 2.55, Large Flavoured latte - Hazelnut - 2.85, Regular Flavoured latte - Hazelnut - 2.55, Regular Flavoured iced latte - Caramel - 2.75",10.7,CARD,7470799812472992
09/09/2021 12:30,Bristol,Laurie White,"Regular Flavoured latte - Hazelnut - 2.55, Regular Flavoured latte - Hazelnut - 2.55, Large Flavoured iced latte - Caramel - 3.25, Regular Flavoured latte - Hazelnut - 2.55",10.9,CARD,6115515139277629
09/09/2021 12:45,Bristol,Juan Twyman,"Regular Flavoured iced latte - Caramel - 2.75, Large Flavoured latte - Hazelnut - 2.85",5.6,CARD,6870526495106618
09/09/2021 13:00,Bristol,William Sortore,"Regular Flavoured latte - Hazelnut - 2.55, Large Flavoured latte - Hazelnut - 2.85, Large Flavoured iced latte - Caramel - 3.25",8.65,CASH,
09/09/2021 13:02,Bristol,Cecil Payne,"Regular Flavoured latte - Hazelnut - 2.55, Large Flavoured iced latte - Caramel - 3.25",5.8,CARD,7733723085165239
09/09/2021 13:05,Bristol,Tammy Moore,Large Flavoured latte - Hazelnut - 2.85,2.85,CASH,
09/09/2021 13:08,Bristol,Scott Aponte,Large Flavoured latte - Hazelnut - 2.85,2.85,CARD,8377501920501428
09/09/2021 13:10,Bristol,Andrea Moore,"Large Flavoured iced latte - Caramel - 3.25, Large Flavoured iced latte - Caramel - 3.25, Large Flavoured latte - Hazelnut - 2.85, Large Flavoured iced latte - Caramel - 3.25",12.6,CARD,7359630218485847
09/09/2021 13:13,Bristol,Lorenzo Klingenberg,"Large Flavoured latte - Hazelnut - 2.85, Regular Flavoured latte - Hazelnut - 2.55, Large Flavoured iced latte - Caramel - 3.25",8.65,CASH,
09/09/2021 13:15,Bristol,Rose Knutsen,"Large Flavoured latte - Hazelnut - 2.85, Large Flavoured iced latte - Caramel - 3.25, Regular Flavoured iced latte - Caramel - 2.75, Large Flavoured iced latte - Caramel - 3.25, Large Flavoured iced latte - Caramel - 3.25",15.35,CARD,2665693267823570
09/09/2021 13:18,Bristol,Sheri Dowker,"Large Flavoured iced latte - Caramel - 3.25, Regular Flavoured iced latte - Caramel - 2.75, Large Flavoured latte - Hazelnut - 2.85",8.85,CARD,4069715336387304
09/09/2021 13:21,Bristol,Louis Mory,"Large Flavoured latte - Hazelnut - 2.85, Large Flavoured latte - Hazelnut - 2.85, Regular Flavoured iced latte - Caramel - 2.75",8.45,CASH,
09/09/2021 13:23,Bristol,Vivian Stanton,"Large Flavoured latte - Hazelnut - 2.85, Regular Flavoured iced latte - Caramel - 2.75, Regular Flavoured latte - Hazelnut - 2.55, Regular Flavoured latte - Hazelnut - 2.55",10.7,CARD,9086164431257175
09/09/2021 13:26,Bristol,Eddie Clark,Large Flavoured iced latte - Caramel - 3.25,3.25,CARD,6894939999781374
09/09/2021 13:28,Bristol,Jewel Columbus,"Large Flavoured latte - Hazelnut - 2.85, Large Flavoured latte - Hazelnut - 2.85, Large Flavoured latte - Hazelnut - 2.85, Large Flavoured iced latte - Caramel - 3.25, Large Flavoured latte - Hazelnut - 2.85",14.65,CARD,8505230373436847
09/09/2021 13:31,Bristol,Jane Musigdilok,"Regular Flavoured iced latte - Caramel - 2.75, Regular Flavoured latte - Hazelnut - 2.55",5.3,CARD,4837422743141832
09/09/2021 13:34,Bristol,Antonio Williams,"Regular Flavoured iced latte - Caramel - 2.75, Large Flavoured latte - Hazelnut - 2.85",5.6,CARD,3096920738430423
09/09/2021 13:36,Bristol,Melvin Hammons,"Regular Flavoured latte - Hazelnut - 2.55, Regular Flavoured iced latte - Caramel - 2.75",5.3,CARD,2623198364534200
09/09/2021 13:39,Bristol,Benjamin Hill,"Regular Flavoured latte - Hazelnut - 2.55, Large Flavoured latte - Hazelnut - 2.85",5.4,CARD,7851348431582703
09/09/2021 13:41,Bristol,Christine Rodriguez,Regular Flavoured latte - Hazelnut - 2.55,2.55,CASH,
09/09/2021 13:44,Bristol,Horace Orozco,"Large Flavoured iced latte - Caramel - 3.25, Regular Flavoured latte - Hazelnut - 2.55",5.8,CASH,
09/09/2021 13:47,Bristol,Kathleen Vice,"Large Flavoured latte - Hazelnut - 2.85, Large Flavoured iced latte - Caramel - 3.25, Large Flavoured latte - Hazelnut - 2.85",8.95,CARD,4250340439005731
09/09/2021 13:49,Bristol,Phyllis Packwood,"Large Flavoured latte - Hazelnut - 2.85, Regular Flavoured latte - Hazelnut - 2.55, Large Flavoured iced latte - Caramel - 3.25, Regular Flavoured latte - Hazelnut - 2.55, Regular Flavoured iced latte - Caramel - 2.75",13.95,CARD,8312025804256891
09/09/2021 13:52,Bristol,Kristofer Estes,Large Flavoured iced latte - Caramel - 3.25,3.25,CARD,9312993803422313
09/09/2021 13:54,Bristol,Margaret Harryman,"Regular Flavoured iced latte - Caramel - 2.75, Regular Flavoured latte - Hazelnut - 2.55, Large Flavoured latte - Hazelnut - 2.85",8.15,CARD,7785664494121298
09/09/2021 13:57,Bristol,Mark Mccoy,"Regular Flavoured latte - Hazelnut - 2.55, Large Flavoured latte - Hazelnut - 2.85, Large Flavoured latte - Hazelnut - 2.85",8.25,CASH,
09/09/2021 14:00,Bristol,Lewis Winslow,"Large Flavoured latte - Hazelnut - 2.85, Regular Flavoured latte - Hazelnut - 2.55, Large Flavoured iced latte - Caramel - 3.25, Large Flavoured latte - Hazelnut - 2.85",11.5,CARD,3658098007106876
09/09/2021 14:01,Bristol,Eugenie Scherzer,"Regular Flavoured iced latte - Caramel - 2.75, Regular Flavoured iced latte - Caramel - 2.75",5.5,CARD,5608309613880094
09/09/2021 14:03,Bristol,Roy Calhoun,"Large Flavoured latte - Hazelnut - 2.85, Regular Flavoured iced latte - Caramel - 2.75, Regular Flavoured latte - Hazelnut - 2.55",8.15,CARD,2500985517983016
09/09/2021 14:05,Bristol,William Jones,Large Flavoured latte - Hazelnut - 2.85,2.85,CARD,6984541007975908
09/09/2021 14:07,Bristol,Maryann Martin,"Regular Flavoured latte - Hazelnut - 2.55, Regular Flavoured iced latte - Caramel - 2.75",5.3,CARD,3080946060185096
09/09/2021 14:08,Bristol,Catherine Hull,"Large Flavoured iced latte - Caramel - 3.25, Large Flavoured latte - Hazelnut - 2.85, Large Flavoured iced latte - Caramel - 3.25",9.35,CASH,
09/09/2021 14:10,Bristol,Thomas Pasion,"Large Flavoured latte - Hazelnut - 2.85, Regular Flavoured latte - Hazelnut - 2.55",5.4,CARD,3509672788374852
09/09/2021 14:12,Bristol,Gene Graham,"Regular Flavoured iced latte - Caramel - 2.75, Large Flavoured iced latte - Caramel - 3.25, Large Flavoured iced latte - Caramel - 3.25",9.25,CASH,
09/09/2021 14:14,Bristol,George Fletcher,Regular Flavoured latte - Hazelnut - 2.55,2.55,CARD,6904873990835293
09/09/2021 14:15,Bristol,Irma Katz,"Regular Flavoured latte - Hazelnut - 2.55, Regular Flavoured latte - Hazelnut - 2.55",5.1,CASH,
09/09/2021 14:17,Bristol,Lorri Wirth,"Large Flavoured latte - Hazelnut - 2.85, Regular Flavoured iced latte - Caramel - 2.75, Large Flavoured iced latte - Caramel - 3.25, Large Flavoured latte - Hazelnut - 2.85",11.7,CASH,
09/09/2021 14:19,Bristol,Scott Thompson,"Regular Flavoured latte - Hazelnut - 2.55, Large Flavoured iced latte - Caramel - 3.25, Regular Flavoured iced latte - Caramel - 2.75",8.55,CARD,2756387717585648
09/09/2021 14:21,Bristol,Marianela Havard,Large Flavoured latte - Hazelnut - 2.85,2.85,CARD,8044865771454437
09/09/2021 14:22,Bristol,Stephen Gatlin,"Regular Flavoured iced latte - Caramel - 2.75, Large Flavoured iced latte - Caramel - 3.25, Regular Flavoured latte - Hazelnut - 2.55, Large Flavoured iced latte - Caramel - 3.25",11.8,CARD,2286685232908949
09/09/2021 14:24,Bristol,Bruce Loaiza,Large Flavoured iced latte - Caramel - 3.25,3.25,CASH,
09/09/2021 14:26,Bristol,Michael Gonzalez,Large Flavoured iced latte - Caramel - 3.25,3.25,CARD,9283072989679996
09/09/2021 14:28,Bristol,Freda Pryor,"Large Flavoured iced latte - Caramel - 3.25, Regular Flavoured iced latte - Caramel - 2.75, Large Flavoured latte - Hazelnut - 2.85, Large Flavoured iced latte - Caramel - 3.25, Large Flavoured iced latte - Caramel - 3.25",15.35,CARD,1545228200384653
09/09/2021 14:30,Bristol,William Couch,Large Flavoured latte - Hazelnut - 2.85,2.85,CARD,5940164497486973
09/09/2021 14:31,Bristol,Steve Mcanulty,Large Flavoured iced latte - Caramel - 3.25,3.25,CASH,
09/09/2021 14:33,Bristol,Kenneth Williams,"Regular Flavoured iced latte - Caramel - 2.75, Large Flavoured iced latte - Caramel - 3.25, Large Flavoured iced latte - Caramel - 3.25, Regular Flavoured iced latte - Caramel - 2.75, Large Flavoured iced latte - Caramel - 3.25",15.25,CASH,
09/09/2021 14:35,Bristol,Betty Collins,Regular Flavoured iced latte - Caramel - 2.75,2.75,CARD,7539540542398778
09/09/2021 14:37,Bristol,Gabriel Heffern,"Regular Flavoured latte - Hazelnut - 2.55, Large Flavoured latte - Hazelnut - 2.85",5.4,CARD,4910463931087857
09/09/2021 14:38,Bristol,Chad Rohe,Regular Flavoured latte - Hazelnut - 2.55,2.55,CARD,2420439858756819
09/09/2021 14:40,Bristol,Nelson Duck,Large Flavoured latte - Hazelnut - 2.85,2.85,CARD,7946087083260062
09/09/2021 14:42,Bristol,Alonzo Hudson,Large Flavoured latte - Hazelnut - 2.85,2.85,CARD,9148159471073523
09/09/2021 14:44,Bristol,Jennifer Klein,Large Flavoured iced latte - Caramel - 3.25,3.25,CARD,3144046225677757
09/09/2021 14:45,Bristol,Glenn Littlewood,Large Flavoured latte - Hazelnut - 2.85,2.85,CASH,
09/09/2021 14:47,Bristol,Neil Oneal,"Regular Flavoured iced latte - Caramel - 2.75, Regular Flavoured latte - Hazelnut - 2.55",5.3,CARD,9923311019190276
09/09/2021 14:49,Bristol,Richard Hernandez,Regular Flavoured latte - Hazelnut - 2.55,2.55,CARD,6325021779230686
09/09/2021 14:51,Bristol,Jeffrey Hartline,"Large Flavoured iced latte - Caramel - 3.25, Large Flavoured iced latte - Caramel - 3.25, Regular Flavoured latte - Hazelnut - 2.55, Large Flavoured latte - Hazelnut - 2.85, Large Flavoured iced latte - Caramel - 3.25",15.15,CARD,3938264182819274
09/09/2021 14:52,Bristol,Tammy Fazzone,"Regular Flavoured latte - Hazelnut - 2.55, Large Flavoured latte - Hazelnut - 2.85, Large Flavoured latte - Hazelnut - 2.85",8.25,CARD,4688198429271932
09/09/2021 14:54,Bristol,Andy Jones,"Large Flavoured latte - Hazelnut - 2.85, Large Flavoured iced latte - Caramel - 3.25",6.1,CASH,
09/09/2021 14:56,Bristol,Paul Gardner,Large Flavoured iced latte - Caramel - 3.25,3.25,CARD,4370418379730677
09/09/2021 14:58,Bristol,Corina Higgins,"Large Flavoured iced latte - Caramel - 3.25, Large Flavoured iced latte - Caramel - 3.25, Large Flavoured iced latte - Caramel - 3.25, Large Flavoured iced latte - Caramel - 3.25, Regular Flavoured latte - Hazelnut - 2.55",15.55,CASH,
09/09/2021 14:59,Bristol,Bryan Alaniz,"Regular Flavoured latte - Hazelnut - 2.55, Regular Flavoured latte - Hazelnut - 2.55, Regular Flavoured iced latte - Caramel - 2.75, Large Flavoured latte - Hazelnut - 2.85",10.7,CASH,
09/09/2021 15:01,Bristol,Theresa Harold,"Regular Flavoured iced latte - Caramel - 2.75, Regular Flavoured iced latte - Caramel - 2.75, Regular Flavoured latte - Hazelnut - 2.55, Regular Flavoured latte - Hazelnut - 2.55",10.6,CARD,5754587111015849
09/09/2021 15:03,Bristol,Angela Wasserman,"Regular Flavoured latte - Hazelnut - 2.55, Regular Flavoured latte - Hazelnut - 2.55, Regular Flavoured latte - Hazelnut - 2.55, Large Flavoured latte - Hazelnut - 2.85",10.5,CARD,1823439440116325
09/09/2021 15:05,Bristol,Floyd Maddox,Regular Flavoured latte - Hazelnut - 2.55,2.55,CARD,8787121049858966
09/09/2021 15:07,Bristol,Sandra Lew,Regular Flavoured iced latte - Caramel - 2.75,2.75,CARD,1887463420770699
09/09/2021 15:09,Bristol,Wayne Cooper,"Regular Flavoured latte - Hazelnut - 2.55, Large Flavoured latte - Hazelnut - 2.85, Large Flavoured iced latte - Caramel - 3.25, Large Flavoured iced latte - Caramel - 3.25, Large Flavoured iced latte - Caramel - 3.25",15.15,CARD,4999242942570893
09/09/2021 15:11,Bristol,Henry Hoover,"Large Flavoured latte - Hazelnut - 2.85, Large Flavoured latte - Hazelnut - 2.85, Regular Flavoured latte - Hazelnut - 2.55, Regular Flavoured latte - Hazelnut - 2.55",10.8,CARD,5849378216917656
09/09/2021 15:13,Bristol,Jeff Mills,"Regular Flavoured latte - Hazelnut - 2.55, Regular Flavoured latte - Hazelnut - 2.55, Regular Flavoured iced latte - Caramel - 2.75, Large Flavoured latte - Hazelnut - 2.85, Large Flavoured iced latte - Caramel - 3.25",13.95,CARD,7467242209610986
09/09/2021 15:15,Bristol,Jason Margo,"Large Flavoured latte - Hazelnut - 2.85, Large Flavoured iced latte - Caramel - 3.25",6.1,CARD,7640496906582083
09/09/2021 15:17,Bristol,Heather Gonzales,"Regular Flavoured iced latte - Caramel - 2.75, Large Flavoured iced latte - Caramel - 3.25",6.0,CARD,9286410127152778
09/09/2021 15:19,Bristol,Joseph Glass,"Large Flavoured iced latte - Caramel - 3.25, Large Flavoured iced latte - Caramel - 3.25, Regular Flavoured iced latte - Caramel - 2.75",9.25,CARD,6337947376280442
09/09/2021 15:20,Bristol,Winnie Martinez,Large Flavoured iced latte - Caramel - 3.25,3.25,CASH,
09/09/2021 15:22,Bristol,Arturo Cruz,Large Flavoured iced latte - Caramel - 3.25,3.25,CASH,
09/09/2021 15:24,Bristol,Aaron Berry,Regular Flavoured latte - Hazelnut - 2.55,2.55,CASH,
09/09/2021 15:26,Bristol,Andrew Brien,Regular Flavoured iced latte - Caramel - 2.75,2.75,CARD,4910791322498296
09/09/2021 15:28,Bristol,John Nadeau,Regular Flavoured iced latte - Caramel - 2.75,2.75,CASH,
09/09/2021 15:30,Bristol,Henry Kent,"Regular Flavoured latte - Hazelnut - 2.55, Regular Flavoured latte - Hazelnut - 2.55, Regular Flavoured latte - Hazelnut - 2.55",7.65,CASH,
09/09/2021 15:32,Bristol,Melanie Reyes,"Large Flavoured iced latte - Caramel - 3.25, Large Flavoured iced latte - Caramel - 3.25",6.5,CARD,1016458485976984
09/09/2021 15:34,Bristol,Nora Clifton,"Large Flavoured latte - Hazelnut - 2.85, Large Flavoured latte - Hazelnut - 2.85, Regular Flavoured latte - Hazelnut - 2.55",8.25,CARD,5121466432076524
09/09/2021 15:36,Bristol,Melissa Campbell,"Regular Flavoured latte - Hazelnut - 2.55, Regular Flavoured latte - Hazelnut - 2.55, Regular Flavoured iced latte - Caramel - 2.75, Regular Flavoured iced latte - Caramel - 2.75, Large Flavoured latte - Hazelnut - 2.85, Regular Flavoured iced latte - Caramel - 2.75",16.2,CASH,
09/09/2021 15:38,Bristol,Patricia Dotson,"Regular Flavoured latte - Hazelnut - 2.55, Large Flavoured iced latte - Caramel - 3.25, Large Flavoured iced latte - Caramel - 3.25",9.05,CARD,5710237150202680
09/09/2021 15:40,Bristol,Andrea Cothran,Regular Flavoured iced latte - Caramel - 2.75,2.75,CARD,1725063236733560
09/09/2021 15:42,Bristol,Juan Miller,"Large Flavoured iced latte - Caramel - 3.25, Regular Flavoured latte - Hazelnut - 2.55, Large Flavoured latte - Hazelnut - 2.85, Large Flavoured latte - Hazelnut - 2.85",11.5,CARD,9092449514191291
09/09/2021 15:44,Bristol,David Clark,"Large Flavoured latte - Hazelnut - 2.85, Regular Flavoured latte - Hazelnut - 2.55, Regular Flavoured iced latte - Caramel - 2.75",8.15,CASH,
09/09/2021 15:46,Bristol,Adella Hull,"Regular Flavoured iced latte - Caramel - 2.75, Large Flavoured latte - Hazelnut - 2.85, Large Flavoured iced latte - Caramel - 3.25",8.85,CARD,5953602418829278
09/09/2021 15:48,Bristol,Elisa John,"Large Flavoured iced latte - Caramel - 3.25, Regular Flavoured latte - Hazelnut - 2.55, Regular Flavoured iced latte - Caramel - 2.75",8.55,CARD,8023180967951576
09/09/2021 15:49,Bristol,Bonnie Raab,"Regular Flavoured latte - Hazelnut - 2.55, Large Flavoured latte - Hazelnut - 2.85",5.4,CARD,9820040476028894
09/09/2021 15:51,Bristol,Alexander Corbin,"Regular Flavoured latte - Hazelnut - 2.55, Large Flavoured iced latte - Caramel - 3.25",5.8,CARD,9729176482926938
09/09/2021 15:53,Bristol,Bryan Murray,Regular Flavoured latte - Hazelnut - 2.55,2.55,CARD,8511581037976985
09/09/2021 15:55,Bristol,Ila Dunlap,Large Flavoured iced latte - Caramel - 3.25,3.25,CARD,1243327556945197
09/09/2021 15:57,Bristol,Frank Dileo,Regular Flavoured latte - Hazelnut - 2.55,2.55,CARD,2772158803732409
09/09/2021 15:59,Bristol,Michael Pimentel,Regular Flavoured iced latte - Caramel - 2.75,2.75,CARD,5178032533443345
09/09/2021 16:01,Bristol,Charles Klein,"Regular Flavoured iced latte - Caramel - 2.75, Regular Flavoured iced latte - Caramel - 2.75",5.5,CASH,
09/09/2021 16:05,Bristol,Jorge Robertson,"Large Flavoured latte - Hazelnut - 2.85, Large Flavoured iced latte - Caramel - 3.25, Regular Flavoured iced latte - Caramel - 2.75",8.85,CARD,4748616702762193
09/09/2021 16:08,Bristol,Rachel Henkel,Large Flavoured iced latte - Caramel - 3.25,3.25,CARD,6972382356328121
09/09/2021 16:12,Bristol,Timothy Wyman,"Large Flavoured latte - Hazelnut - 2.85, Large Flavoured iced latte - Caramel - 3.25, Regular Flavoured latte - Hazelnut - 2.55",8.65,CASH,
09/09/2021 16:15,Bristol,Larry Smith,"Large Flavoured iced latte - Caramel - 3.25, Regular Flavoured latte - Hazelnut - 2.55, Regular Flavoured iced latte - Caramel - 2.75",8.55,CARD,5856125368808703
09/09/2021 16:19,Bristol,Rachel Gabbard,"Regular Flavoured latte - Hazelnut - 2.55, Regular Flavoured iced latte - Caramel - 2.75, Large Flavoured iced latte - Caramel - 3.25, Regular Flavoured iced latte - Caramel - 2.75",11.3,CASH,
09/09/2021 16:22,Bristol,Justin Selman,"Regular Flavoured latte - Hazelnut - 2.55, Large Flavoured latte - Hazelnut - 2.85, Large Flavoured iced latte - Caramel - 3.25, Large Flavoured iced latte - Caramel - 3.25",11.9,CARD,1569139032483701
09/09/2021 16:26,Bristol,Sylvia Wagner,Large Flavoured latte - Hazelnut - 2.85,2.85,CARD,5971120101849563
09/09/2021 16:29,Bristol,Jennifer Rape,Regular Flavoured latte - Hazelnut - 2.55,2.55,CARD,7070380241634412
09/09/2021 16:33,Bristol,Harry Kellem,Large Flavoured iced latte - Caramel - 3.25,3.25,CARD,5898266477663128
09/09/2021 16:36,Bristol,Diana Jones,"Regular Flavoured latte - Hazelnut - 2.55, Regular Flavoured latte - Hazelnut - 2.55, Regular Flavoured latte - Hazelnut - 2.55, Regular Flavoured latte - Hazelnut - 2.55, Large Flavoured iced latte - Caramel - 3.25",13.45,CARD,8760369813422374
09/09/2021 16:40,Bristol,Helen Stivers,Regular Flavoured latte - Hazelnut - 2.55,2.55,CARD,7409534033793728
09/09/2021 16:43,Bristol,Ignacia Carter,"Regular Flavoured latte - Hazelnut - 2.55, Regular Flavoured iced latte - Caramel - 2.75, Regular Flavoured iced latte - Caramel - 2.75, Large Flavoured latte - Hazelnut - 2.85",10.9,CARD,5035336238517429
09/09/2021 16:47,Bristol,Julie Opatz,Large Flavoured latte - Hazelnut - 2.85,2.85,CARD,8340853272074730
09/09/2021 16:50,Bristol,Micheal Nunemaker,"Large Flavoured latte - Hazelnut - 2.85, Regular Flavoured latte - Hazelnut - 2.55",5.4,CARD,1276917900485456
09/09/2021 16:54,Bristol,Rachel Logan,"Regular Flavoured latte - Hazelnut - 2.55, Regular Flavoured latte - Hazelnut - 2.55",5.1,CARD,7985254070648674
09/09/2021 16:57,Bristol,John Myers,"Regular Flavoured iced latte - Caramel - 2.75, Regular Flavoured latte - Hazelnut - 2.55",5.3,CASH,
09/09/2021 17:01,Bristol,Douglas Hicks,"Regular Flavoured iced latte - Caramel - 2.75, Regular Flavoured iced latte - Caramel - 2.75",5.5,CASH,
09/09/2021 17:04,Bristol,Terrell Eagan,"Large Flavoured iced latte - Caramel - 3.25, Regular Flavoured iced latte - Caramel - 2.75",6.0,CARD,8702589555929488
09/09/2021 17:07,Bristol,Justin Ferdig,Regular Flavoured latte - Hazelnut - 2.55,2.55,CASH,
09/09/2021 17:10,Bristol,Gertrude Bruner,"Large Flavoured latte - Hazelnut - 2.85, Regular Flavoured iced latte - Caramel - 2.75, Regular Flavoured iced latte - Caramel - 2.75",8.35,CASH,
09/09/2021 17:13,Bristol,Kelsey Lovell,Regular Flavoured latte - Hazelnut - 2.55,2.55,CARD,6119175733876948
09/09/2021 17:17,Bristol,Steven Dobkin,"Large Flavoured iced latte - Caramel - 3.25, Large Flavoured latte - Hazelnut - 2.85, Large Flavoured iced latte - Caramel - 3.25",9.35,CARD,1337901631425467
09/09/2021 17:20,Bristol,Manuel Hoffman,"Regular Flavoured iced latte - Caramel - 2.75, Large Flavoured iced latte - Caramel - 3.25, Large Flavoured latte - Hazelnut - 2.85",8.85,CARD,2940856163023032
09/09/2021 17:23,Bristol,Hector Stoppkotte,"Regular Flavoured iced latte - Caramel - 2.75, Large Flavoured latte - Hazelnut - 2.85, Regular Flavoured latte - Hazelnut - 2.55, Large Flavoured iced latte - Caramel - 3.25",11.4,CARD,7242255577130196
09/09/2021 17:26,Bristol,Alexander Jones,"Regular Flavoured latte - Hazelnut - 2.55, Regular Flavoured iced latte - Caramel - 2.75",5.3,CARD,1133410658775648
09/09/2021 17:29,Bristol,Stephen Scudder,"Regular Flavoured iced latte - Caramel - 2.75, Regular Flavoured latte - Hazelnut - 2.55, Regular Flavoured iced latte - Caramel - 2.75",8.05,CARD,9471325967196837
09/09/2021 17:32,Bristol,Marcos Pleasanton,Regular Flavoured iced latte - Caramel - 2.75,2.75,CARD,5067233746413060
09/09/2021 17:36,Bristol,Rodney Miller,"Regular Flavoured iced latte - Caramel - 2.75, Large Flavoured iced latte - Caramel - 3.25",6.0,CARD,8693129877732702
09/09/2021 17:39,Bristol,Patricia Ruppert,Large Flavoured latte - Hazelnut - 2.85,2.85,CARD,4083149987980889
09/09/2021 17:42,Bristol,Diane Smith,"Large Flavoured iced latte - Caramel - 3.25, Large Flavoured latte - Hazelnut - 2.85, Large Flavoured iced latte - Caramel - 3.25",9.35,CARD,6145671118775146
09/09/2021 17:45,Bristol,Dominique Allen,Large Flavoured latte - Hazelnut - 2.85,2.85,CARD,6934661077385336
09/09/2021 17:48,Bristol,Gregory Jenkins,Large Flavoured iced latte - Caramel - 3.25,3.25,CARD,3061007291661404
09/09/2021 17:51,Bristol,Larry Anderson,Regular Flavoured iced latte - Caramel - 2.75,2.75,CARD,9391941282825856
09/09/2021 17:54,Bristol,Jane Jackson,Large Flavoured iced latte - Caramel - 3.25,3.25,CARD,9687949677092934
09/09/2021 17:58,Bristol,Frank Castano,Regular Flavoured iced latte - Caramel - 2.75,2.75,CARD,3915351084569711
09/09/2021 18:01,Bristol,Louis Marte,"Large Flavoured iced latte - Caramel - 3.25, Regular Flavoured iced latte - Caramel - 2.75",6.0,CARD,7604144545399730
09/09/2021 18:02,Bristol,Rodney Beem,"Regular Flavoured iced latte - Caramel - 2.75, Regular Flavoured latte - Hazelnut - 2.55, Large Flavoured iced latte - Caramel - 3.25, Regular Flavoured latte - Hazelnut - 2.55, Regular Flavoured latte - Hazelnut - 2.55",13.65,CARD,2753588322401349
09/09/2021 18:03,Bristol,Stephen Kurokawa,Large Flavoured latte - Hazelnut - 2.85,2.85,CARD,4144927744125590
09/09/2021 18:04,Bristol,Joni Bergen,"Large Flavoured iced latte - Caramel - 3.25, Large Flavoured iced latte - Caramel - 3.25, Regular Flavoured latte - Hazelnut - 2.55",9.05,CARD,4985290194387626
09/09/2021 18:06,Bristol,Larry Wright,"Large Flavoured iced latte - Caramel - 3.25, Large Flavoured iced latte - Caramel - 3.25, Regular Flavoured iced latte - Caramel - 2.75, Large Flavoured latte - Hazelnut - 2.85",12.1,CASH,
09/09/2021 18:07,Bristol,Mandy Lynch,Regular Flavoured latte - Hazelnut - 2.55,2.55,CASH,
09/09/2021 18:08,Bristol,Melvin Grant,"Regular Flavoured latte - Hazelnut - 2.55, Regular Flavoured latte - Hazelnut - 2.55, Large Flavoured iced latte - Caramel - 3.25, Regular Flavoured latte - Hazelnut - 2.55, Large Flavoured latte - Hazelnut - 2.85",13.75,CARD,3715307419581327
09/09/2021 18:09,Bristol,Gary Sherman,"Regular Flavoured latte - Hazelnut - 2.55, Large Flavoured latte - Hazelnut - 2.85",5.4,CASH,
09/09/2021 18:10,Bristol,Kathleen Lyon,Regular Flavoured iced latte - Caramel - 2.75,2.75,CASH,
09/09/2021 18:12,Bristol,Agnes Harrison,"Large Flavoured iced latte - Caramel - 3.25, Large Flavoured iced latte - Caramel - 3.25, Large Flavoured latte - Hazelnut - 2.85",9.35,CARD,1805719292090481
09/09/2021 18:13,Bristol,Joseph Motley,"Regular Flavoured latte - Hazelnut - 2.55, Large Flavoured iced latte - Caramel - 3.25, Large Flavoured iced latte - Caramel - 3.25, Regular Flavoured latte - Hazelnut - 2.55",11.6,CARD,6259243583013378
09/09/2021 18:14,Bristol,Jacqueline Davis,"Regular Flavoured latte - Hazelnut - 2.55, Large Flavoured latte - Hazelnut - 2.85",5.4,CARD,3409123434032448
09/09/2021 18:15,Bristol,Evan Whisenand,"Regular Flavoured latte - Hazelnut - 2.55, Large Flavoured iced latte - Caramel - 3.25, Large Flavoured iced latte - Caramel - 3.25",9.05,CASH,
09/09/2021 18:17,Bristol,Lora Dalton,Regular Flavoured iced latte - Caramel - 2.75,2.75,CASH,
09/09/2021 18:18,Bristol,Susie Sutch,Large Flavoured latte - Hazelnut - 2.85,2.85,CARD,4598028772599893
09/09/2021 18:19,Bristol,Patricia Mares,Regular Flavoured latte - Hazelnut - 2.55,2.55,CASH,
09/09/2021 18:20,Bristol,Opal Brown,Large Flavoured latte - Hazelnut - 2.85,2.85,CASH,
09/09/2021 18:21,Bristol,Louise Barrett,Large Flavoured iced latte - Caramel - 3.25,3.25,CARD,6476736587984211
09/09/2021 18:23,Bristol,Kristen Bryant,"Large Flavoured iced latte - Caramel - 3.25, Regular Flavoured iced latte - Caramel - 2.75, Regular Flavoured iced latte - Caramel - 2.75, Large Flavoured latte - Hazelnut - 2.85",11.6,CARD,3275574279606843
09/09/2021 18:24,Bristol,Edward Leblanc,Large Flavoured latte - Hazelnut - 2.85,2.85,CASH,
09/09/2021 18:25,Bristol,Mamie Sutphin,"Regular Flavoured latte - Hazelnut - 2.55, Regular Flavoured iced latte - Caramel - 2.75, Regular Flavoured latte - Hazelnut - 2.55",7.85,CASH,
09/09/2021 18:26,Bristol,Philomena Jones,"Large Flavoured iced latte - Caramel - 3.25, Large Flavoured latte - Hazelnut - 2.85, Regular Flavoured latte - Hazelnut - 2.55",8.65,CARD,7541748361022039
09/09/2021 18:27,Bristol,Karen Millsaps,Regular Flavoured latte - Hazelnut - 2.55,2.55,CARD,9896866546113128
09/09/2021 18:29,Bristol,Alana Kim,Regular Flavoured latte - Hazelnut - 2.55,2.55,CASH,
09/09/2021 18:30,Bristol,Jerry Blair,"Regular Flavoured latte - Hazelnut - 2.55, Regular Flavoured iced latte - Caramel - 2.75, Regular Flavoured iced latte - Caramel - 2.75",8.05,CARD,8734853953677580
09/09/2021 18:31,Bristol,Arlene Gauze,Regular Flavoured iced latte - Caramel - 2.75,2.75,CASH,
09/09/2021 18:32,Bristol,Kathleen Rubio,"Large Flavoured iced latte - Caramel - 3.25, Regular Flavoured latte - Hazelnut - 2.55, Regular Flavoured iced latte - Caramel - 2.75, Regular Flavoured iced latte - Caramel - 2.75",11.3,CARD,8089102739667194
09/09/2021 18:34,Bristol,William Benson,"Regular Flavoured latte - Hazelnut - 2.55, Regular Flavoured latte - Hazelnut - 2.55, Regular Flavoured iced latte - Caramel - 2.75, Regular Flavoured iced latte - Caramel - 2.75, Large Flavoured latte - Hazelnut - 2.85",13.45,CARD,5514581760099796
09/09/2021 18:35,Bristol,Michele Deas,Regular Flavoured iced latte - Caramel - 2.75,2.75,CARD,9151054948237789
09/09/2021 18:36,Bristol,James Safdeye,"Large Flavoured latte - Hazelnut - 2.85, Regular Flavoured iced latte - Caramel - 2.75, Regular Flavoured iced latte - Caramel - 2.75",8.35,CARD,7813522201535303
09/09/2021 18:37,Bristol,James Hinkle,"Regular Flavoured latte - Hazelnut - 2.55, Regular Flavoured latte - Hazelnut - 2.55, Regular Flavoured iced latte - Caramel - 2.75",7.85,CARD,8142390299771969
09/09/2021 18:38,Bristol,Fred Lawrence,"Large Flavoured latte - Hazelnut - 2.85, Regular Flavoured latte - Hazelnut - 2.55",5.4,CARD,4576963470507731
09/09/2021 18:40,Bristol,Mary Estrella,"Large Flavoured latte - Hazelnut - 2.85, Regular Flavoured iced latte - Caramel - 2.75, Large Flavoured latte - Hazelnut - 2.85",8.45,CASH,
09/09/2021 18:41,Bristol,Jillian Schultz,"Regular Flavoured latte - Hazelnut - 2.55, Large Flavoured latte - Hazelnut - 2.85, Regular Flavoured latte - Hazelnut - 2.55, Large Flavoured iced latte - Caramel - 3.25, Large Flavoured iced latte - Caramel - 3.25, Regular Flavoured iced latte - Caramel - 2.75",17.2,CASH,
09/09/2021 18:42,Bristol,Donna Althouse,"Large Flavoured iced latte - Caramel - 3.25, Regular Flavoured iced latte - Caramel - 2.75",6.0,CARD,1606239841634335
09/09/2021 18:43,Bristol,David Johnson,"Large Flavoured iced latte - Caramel - 3.25, Large Flavoured latte - Hazelnut - 2.85, Large Flavoured iced latte - Caramel - 3.25, Regular Flavoured iced latte - Caramel - 2.75, Regular Flavoured iced latte - Caramel - 2.75, Large Flavoured iced latte - Caramel - 3.25",18.1,CARD,6027171574372137
09/09/2021 18:45,Bristol,Melody Parsons,Regular Flavoured latte - Hazelnut - 2.55,2.55,CARD,1710236303802898
09/09/2021 18:46,Bristol,James Lake,"Large Flavoured latte - Hazelnut - 2.85, Regular Flavoured latte - Hazelnut - 2.55, Large Flavoured latte - Hazelnut - 2.85",8.25,CARD,2524258753686918
09/09/2021 18:47,Bristol,Greg Levitsky,"Regular Flavoured iced latte - Caramel - 2.75, Large Flavoured latte - Hazelnut - 2.85",5.6,CARD,9958110083619949
09/09/2021 18:48,Bristol,Elizabeth Martin,Large Flavoured latte - Hazelnut - 2.85,2.85,CASH,
09/09/2021 18:49,Bristol,Betty Pasey,Large Flavoured iced latte - Caramel - 3.25,3.25,CARD,7389506022715181
09/09/2021 18:51,Bristol,Juan Mcclain,"Large Flavoured latte - Hazelnut - 2.85, Large Flavoured iced latte - Caramel - 3.25, Regular Flavoured latte - Hazelnut - 2.55, Large Flavoured latte - Hazelnut - 2.85, Large Flavoured latte - Hazelnut - 2.85",14.35,CASH,
09/09/2021 18:52,Bristol,Kristin Schackow,"Large Flavoured iced latte - Caramel - 3.25, Regular Flavoured latte - Hazelnut - 2.55, Regular Flavoured iced latte - Caramel - 2.75, Regular Flavoured latte - Hazelnut - 2.55",11.1,CARD,2376225025753609
09/09/2021 18:53,Bristol,Olive Medina,"Large Flavoured iced latte - Caramel - 3.25, Large Flavoured iced latte - Caramel - 3.25, Large Flavoured latte - Hazelnut - 2.85",9.35,CASH,
09/09/2021 18:54,Bristol,Wallace Shren,"Large Flavoured iced latte - Caramel - 3.25, Large Flavoured iced latte - Caramel - 3.25",6.5,CARD,2677414163671474
09/09/2021 18:55,Bristol,Owen Craig,"Large Flavoured iced latte - Caramel - 3.25, Regular Flavoured iced latte - Caramel - 2.75, Large Flavoured latte - Hazelnut - 2.85, Large Flavoured latte - Hazelnut - 2.85",11.7,CASH,
09/09/2021 18:57,Bristol,Jaime Goddard,"Regular Flavoured latte - Hazelnut - 2.55, Regular Flavoured latte - Hazelnut - 2.55, Regular Flavoured iced latte - Caramel - 2.75",7.85,CARD,8283679925937797
09/09/2021 18:58,Bristol,Bradly Reyes,Regular Flavoured iced latte - Caramel - 2.75,2.75,CARD,6855256298141472
09/09/2021 18:59,Bristol,Patricia Henry,"Regular Flavoured iced latte - Caramel - 2.75, Regular Flavoured iced latte - Caramel - 2.75, Large Flavoured iced latte - Caramel - 3.25, Regular Flavoured iced latte - Caramel - 2.75",11.5,CARD,7038982299216570
09/09/2021 19:00,Bristol,Mary More,"Large Flavoured iced latte - Caramel - 3.25, Large Flavoured iced latte - Caramel - 3.25, Large Flavoured iced latte - Caramel - 3.25",9.75,CARD,9492666653789020
09/09/2021 19:02,Bristol,Robert Burnside,"Regular Flavoured iced latte - Caramel - 2.75, Large Flavoured latte - Hazelnut - 2.85, Regular Flavoured iced latte - Caramel - 2.75",8.35,CARD,4721329491124572
09/09/2021 19:04,Bristol,Ryan Nichols,Regular Flavoured latte - Hazelnut - 2.55,2.55,CARD,2424453373445110
09/09/2021 19:07,Bristol,Michael Friedrich,"Large Flavoured iced latte - Caramel - 3.25, Large Flavoured iced latte - Caramel - 3.25, Large Flavoured iced latte - Caramel - 3.25, Regular Flavoured iced latte - Caramel - 2.75",12.5,CARD,3491418247898088
09/09/2021 19:09,Bristol,Adrian Issa,"Regular Flavoured latte - Hazelnut - 2.55, Regular Flavoured latte - Hazelnut - 2.55",5.1,CARD,2221566880976346
09/09/2021 19:11,Bristol,Billy Jodway,"Regular Flavoured latte - Hazelnut - 2.55, Large Flavoured iced latte - Caramel - 3.25",5.8,CARD,5041526501017219
09/09/2021 19:13,Bristol,Vincent Otto,"Large Flavoured iced latte - Caramel - 3.25, Large Flavoured iced latte - Caramel - 3.25",6.5,CASH,
09/09/2021 19:15,Bristol,Kenneth Browning,"Large Flavoured latte - Hazelnut - 2.85, Large Flavoured iced latte - Caramel - 3.25, Regular Flavoured iced latte - Caramel - 2.75, Regular Flavoured iced latte - Caramel - 2.75, Regular Flavoured latte - Hazelnut - 2.55",14.15,CASH,
09/09/2021 19:17,Bristol,Matthew Castle,Regular Flavoured latte - Hazelnut - 2.55,2.55,CARD,1926719498504320
09/09/2021 19:19,Bristol,Elliott Beck,"Large Flavoured iced latte - Caramel - 3.25, Regular Flavoured latte - Hazelnut - 2.55, Regular Flavoured iced latte - Caramel - 2.75, Regular Flavoured latte - Hazelnut - 2.55, Regular Flavoured iced latte - Caramel - 2.75",13.85,CASH,
09/09/2021 19:21,Bristol,Clyde Torres,"Regular Flavoured latte - Hazelnut - 2.55, Large Flavoured latte - Hazelnut - 2.85",5.4,CARD,7707431708159209
09/09/2021 19:23,Bristol,Rosemarie Smyth,Regular Flavoured iced latte - Caramel - 2.75,2.75,CASH,
09/09/2021 19:25,Bristol,Joel Key,"Large Flavoured iced latte - Caramel - 3.25, Large Flavoured iced latte - Caramel - 3.25",6.5,CASH,
09/09/2021 19:27,Bristol,Greg Oliver,"Regular Flavoured iced latte - Caramel - 2.75, Large Flavoured iced latte - Caramel - 3.25",6.0,CARD,1422179333194956
09/09/2021 19:29,Bristol,Gertrude Mattison,"Regular Flavoured latte - Hazelnut - 2.55, Regular Flavoured latte - Hazelnut - 2.55, Regular Flavoured iced latte - Caramel - 2.75, Large Flavoured iced latte - Caramel - 3.25, Large Flavoured latte - Hazelnut - 2.85, Regular Flavoured iced latte - Caramel - 2.75",16.7,CARD,3632809097887424
09/09/2021 19:31,Bristol,Frances Scott,Regular Flavoured iced latte - Caramel - 2.75,2.75,CARD,2413599787723073
09/09/2021 19:33,Bristol,Barry Ulberg,"Large Flavoured iced latte - Caramel - 3.25, Large Flavoured iced latte - Caramel - 3.25, Large Flavoured latte - Hazelnut - 2.85, Large Flavoured iced latte - Caramel - 3.25",12.6,CASH,
09/09/2021 19:35,Bristol,Gregory Howell,"Regular Flavoured latte - Hazelnut - 2.55, Large Flavoured iced latte - Caramel - 3.25, Regular Flavoured iced latte - Caramel - 2.75",8.55,CARD,1173969920327424
09/09/2021 19:38,Bristol,Bruce Clarke,Regular Flavoured iced latte - Caramel - 2.75,2.75,CASH,
09/09/2021 19:40,Bristol,Mary Gilling,Large Flavoured iced latte - Caramel - 3.25,3.25,CARD,5768788493883603
09/09/2021 19:42,Bristol,Vincent Mcinerney,"Large Flavoured iced latte - Caramel - 3.25, Regular Flavoured iced latte - Caramel - 2.75",6.0,CASH,
09/09/2021 19:44,Bristol,Rose Gustafson,"Regular Flavoured latte - Hazelnut - 2.55, Large Flavoured latte - Hazelnut - 2.85",5.4,CARD,5031881767291954
09/09/2021 19:46,Bristol,Crystal Felder,"Large Flavoured iced latte - Caramel - 3.25, Regular Flavoured latte - Hazelnut - 2.55, Regular Flavoured iced latte - Caramel - 2.75",8.55,CARD,9865619041430042
09/09/2021 19:48,Bristol,Frank Garman,"Regular Flavoured iced latte - Caramel - 2.75, Regular Flavoured iced latte - Caramel - 2.75, Regular Flavoured iced latte - Caramel - 2.75, Regular Flavoured iced latte - Caramel - 2.75, Regular Flavoured latte - Hazelnut - 2.55, Regular Flavoured iced latte - Caramel - 2.75",16.3,CARD,1743626638398244
09/09/2021 19:50,Bristol,Jill Lareau,Regular Flavoured latte - Hazelnut - 2.55,2.55,CASH,
09/09/2021 19:52,Bristol,Barbara Miller,"Large Flavoured latte - Hazelnut - 2.85, Regular Flavoured iced latte - Caramel - 2.75, Large Flavoured iced latte - Caramel - 3.25, Large Flavoured latte - Hazelnut - 2.85",11.7,CASH,
09/09/2021 19:54,Bristol,Robert Bruce,"Large Flavoured iced latte - Caramel - 3.25, Regular Flavoured latte - Hazelnut - 2.55",5.8,CARD,7109999806829288
09/09/2021 19:56,Bristol,John Mcmullen,Regular Flavoured iced latte - Caramel - 2.75,2.75,CARD,9191902016504293
09/09/2021 19:58,Bristol,Doris Bernstein,"Regular Flavoured latte - Hazelnut - 2.55, Large Flavoured latte - Hazelnut - 2.85",5.4,CASH,
09/09/2021 20:00,Bristol,Alvin Williams,"Large Flavoured latte - Hazelnut - 2.85, Regular Flavoured latte - Hazelnut - 2.55",5.4,CARD,2089786014998978
09/09/2021 20:02,Bristol,Latrice Bell,"Regular Flavoured iced latte - Caramel - 2.75, Large Flavoured iced latte - Caramel - 3.25, Regular Flavoured iced latte - Caramel - 2.75",8.75,CARD,4154035109072873
09/09/2021 20:04,Bristol,Edward Babino,Large Flavoured latte - Hazelnut - 2.85,2.85,CARD,5948059791551195
09/09/2021 20:06,Bristol,Rochelle Mcbride,"Regular Flavoured iced latte - Caramel - 2.75, Large Flavoured latte - Hazelnut - 2.85, Regular Flavoured latte - Hazelnut - 2.55",8.15,CARD,2606897485003035
09/09/2021 20:08,Bristol,Pedro Cooper,"Regular Flavoured latte - Hazelnut - 2.55, Regular Flavoured latte - Hazelnut - 2.55",5.1,CASH,
09/09/2021 20:10,Bristol,Nicolas Mcfadden,Large Flavoured iced latte - Caramel - 3.25,3.25,CARD,8820459039010925
09/09/2021 20:11,Bristol,Charles White,Regular Flavoured latte - Hazelnut - 2.55,2.55,CASH,
09/09/2021 20:13,Bristol,Paul Wilson,"Regular Flavoured latte - Hazelnut - 2.55, Large Flavoured iced latte - Caramel - 3.25",5.8,CASH,
09/09/2021 20:15,Bristol,James Austin,Large Flavoured iced latte - Caramel - 3.25,3.25,CARD,6579797685417472
09/09/2021 20:17,Bristol,Keith Crowley,"Regular Flavoured iced latte - Caramel - 2.75, Large Flavoured iced latte - Caramel - 3.25, Regular Flavoured iced latte - Caramel - 2.75, Large Flavoured latte - Hazelnut - 2.85, Large Flavoured latte - Hazelnut - 2.85, Regular Flavoured latte - Hazelnut - 2.55",17.0,CARD,7104158158697052
09/09/2021 20:19,Bristol,John Leyh,Regular Flavoured iced latte - Caramel - 2.75,2.75,CARD,9690115632659970
09/09/2021 20:21,Bristol,Alberta Buntin,"Large Flavoured latte - Hazelnut - 2.85, Regular Flavoured latte - Hazelnut - 2.55",5.4,CARD,8635636469362837
09/09/2021 20:23,Bristol,Aaron Basich,"Regular Flavoured latte - Hazelnut - 2.55, Regular Flavoured latte - Hazelnut - 2.55",5.1,CARD,7751637811285434
09/09/2021 20:25,Bristol,Earl Whitaker,"Large Flavoured iced latte - Caramel - 3.25, Large Flavoured iced latte - Caramel - 3.25, Large Flavoured iced latte - Caramel - 3.25, Regular Flavoured iced latte - Caramel - 2.75, Large Flavoured iced latte - Caramel - 3.25, Regular Flavoured latte - Hazelnut - 2.55",18.3,CARD,4357478351938540
09/09/2021 20:26,Bristol,Jessica Henderson,"Regular Flavoured iced latte - Caramel - 2.75, Regular Flavoured latte - Hazelnut - 2.55, Large Flavoured iced latte - Caramel - 3.25",8.55,CASH,
09/09/2021 20:28,Bristol,Shawn Perham,"Regular Flavoured iced latte - Caramel - 2.75, Large Flavoured iced latte - Caramel - 3.25, Large Flavoured iced latte - Caramel - 3.25",9.25,CASH,
09/09/2021 20:30,Bristol,Anna Rogers,"Regular Flavoured latte - Hazelnut - 2.55, Large Flavoured iced latte - Caramel - 3.25",5.8,CARD,4087204255817330
09/09/2021 20:32,Bristol,Sandra Gardenhire,"Regular Flavoured iced latte - Caramel - 2.75, Regular Flavoured latte - Hazelnut - 2.55, Regular Flavoured latte - Hazelnut - 2.55",7.85,CARD,1829291106563662
09/09/2021 20:34,Bristol,Jerome Burdett,"Large Flavoured latte - Hazelnut - 2.85, Regular Flavoured latte - Hazelnut - 2.55",5.4,CARD,4190989675111779
09/09/2021 20:36,Bristol,Jennifer Fox,"Regular Flavoured latte - Hazelnut - 2.55, Large Flavoured iced latte - Caramel - 3.25, Large Flavoured iced latte - Caramel - 3.25",9.05,CARD,9167686070287732
09/09/2021 20:38,Bristol,Elois Oge,"Regular Flavoured latte - Hazelnut - 2.55, Large Flavoured iced latte - Caramel - 3.25",5.8,CARD,8893473168106173
09/09/2021 20:39,Bristol,Roberto Reese,"Regular Flavoured latte - Hazelnut - 2.55, Large Flavoured iced latte - Caramel - 3.25, Large Flavoured latte - Hazelnut - 2.85",8.65,CARD,2758998966814319
09/09/2021 20:41,Bristol,Hazel Calabrese,Large Flavoured latte - Hazelnut - 2.85,2.85,CARD,9423949708252143
09/09/2021 20:43,Bristol,Richard Meadors,Large Flavoured iced latte - Caramel - 3.25,3.25,CARD,5397321396152662
09/09/2021 20:45,Bristol,Deborah Carter,"Large Flavoured iced latte - Caramel - 3.25, Large Flavoured latte - Hazelnut - 2.85",6.1,CARD,1373048664597420
09/09/2021 20:47,Bristol,Alyson Yeager,Regular Flavoured latte - Hazelnut - 2.55,2.55,CARD,8191471073362793
09/09/2021 20:49,Bristol,Jennifer Wade,"Regular Flavoured iced latte - Caramel - 2.75, Large Flavoured latte - Hazelnut - 2.85, Large Flavoured latte - Hazelnut - 2.85, Regular Flavoured latte - Hazelnut - 2.55, Regular Flavoured iced latte - Caramel - 2.75, Regular Flavoured iced latte - Caramel - 2.75",16.5,CARD,7103073470314589
09/09/2021 20:51,Bristol,Clayton Edens,Regular Flavoured latte - Hazelnut - 2.55,2.55,CARD,1523618266072044
09/09/2021 20:53,Bristol,Douglas Lamison,"Regular Flavoured latte - Hazelnut - 2.55, Regular Flavoured iced latte - Caramel - 2.75, Large Flavoured iced latte - Caramel - 3.25",8.55,CARD,3973582863178043
09/09/2021 20:54,Bristol,Lydia Patterson,Large Flavoured iced latte - Caramel - 3.25,3.25,CARD,7972553780653811
09/09/2021 20:56,Bristol,Mary Hernandez,Regular Flavoured iced latte - Caramel - 2.75,2.75,CASH,
09/09/2021 20:58,Bristol,Marjorie Morrison,"Large Flavoured iced latte - Caramel - 3.25, Regular Flavoured latte - Hazelnut - 2.55",5.8,CARD,9984683082964661
